lat,lng,Prediction
33.6536,-116.2785,96.77
38.5044,-122.4681,20.46
40.8846,-121.6691,99.47
37.9084,-122.2805,83.79
39.1653,-122.9052,73.25
37.954,-122.0759,24.95
39.8635,-123.7253,81.12
34.0585,-117.7625,30.62
40.9722,-124.025,66.39
37.7616,-120.847,21.07
39.4908,-121.615,74.72
34.6155,-120.6335,46.65
38.7979,-121.7176,17.04
37.8235,-120.2582,46.98
38.5137,-122.9894,52.24
34.1178,-117.6603,98.55
37.7268,-120.9402,82.14
38.0365,-121.1846,26.85
34.2064,-118.2242,99.23
34.0175,-117.9268,59.52
32.6278,-116.1827,75.39
38.419,-120.8232,4.7
33.9255,-117.8654,1.44
40.6502,-122.245,0.55
33.797,-116.9915,64.71
40.5698,-122.365,40.3
36.294,-119.1459,81.86
36.3518,-119.421,95.97
35.556,-120.7182,64.61
38.91,-121.5443,65.39
38.0064,-122.2564,27.06
39.7663,-120.713,44.58
36.8006,-120.0199,90.47
34.2855,-118.877,54.89
38.5418,-122.8086,13.39
34.074,-118.0291,46.62
38.5818,-122.5825,47.11
39.8798,-121.1941,48.86
38.3791,-120.5146,37.42
40.5054,-122.5417,97.55
40.8101,-121.4809,14.68
33.5957,-114.7316,48.95
38.4001,-122.8277,77.2
38.1939,-120.379,75.66
41.646,-121.328,42.36
35.298,-119.625,68.99
38.959,-122.633,21.78
41.2974,-123.1303,37.56
34.3117,-117.4748,18.11
37.3969,-120.8499,16.55
34.1879,-118.3234,90.85
37.9071,-121.6076,34.43
39.3718,-121.106,69.81
33.6318,-117.5989,71.5
37.716,-121.9088,15.18
34.1848,-118.9445,43.22
33.9336,-118.0311,40.28
33.8895,-118.3972,16.18
34.6172,-118.4059,14.45
41.3015,-123.5412,78.74
39.931,-120.9548,11.15
33.76,-118.3471,81.18
34.6147,-118.299,45.28
38.3246,-122.9148,1.42
35.0125,-115.6536,87.99
38.6152,-122.4278,40.03
40.8415,-121.9215,4.4
38.688,-121.2208,59.05
37.3652,-119.7194,44.36
34.6527,-118.2163,8.31
34.0019,-118.2106,2.11
39.9282,-122.182,94.32
33.9885,-118.1877,61.22
33.9603,-117.9509,97.42
33.815,-116.3545,85.11
36.4319,-118.8806,16.29
38.5776,-122.4512,73.76
36.7361,-119.4961,18.73
37.4671,-122.1352,4.4
37.0511,-122.0533,59.29
38.4825,-122.8899,43.31
34.0489,-118.0962,75.16
35.2087,-119.4106,34.79
41.036,-124.1112,82.63
32.9633,-117.2627,65.23
33.8471,-118.1221,6.13
36.9505,-121.7363,11.06
33.6772,-117.7738,79.04
38.0052,-122.6384,50.36
33.9889,-118.354,76.47
40.2288,-123.8173,93.4
41.5471,-122.9185,52.78
39.2607,-121.0232,16.91
33.7164,-118.069,92.7
41.1592,-124.1303,4.13
34.7519,-117.3431,2.58
33.94,-117.2437,9.23
38.4532,-120.5354,59.72
34.0964,-118.6053,56.11
33.9253,-117.55,58.12
37.9633,-121.6511,5.63
39.2771,-122.1946,86.46
38.8075,-121.2488,41.32
36.4824,-121.7198,12.97
38.6737,-120.9872,8.68
36.6881,-121.6316,71
33.9057,-118.2683,55.76
36.0533,-119.1432,66.61
36.6952,-119.0165,13.64
35.7534,-120.6924,57.74
34.9192,-115.0628,10.06
37.5204,-122.0312,98.63
34.5329,-117.2102,93.8
34.1489,-117.2434,91.2
33.9663,-118.155,68.67
38.1218,-121.2932,92.04
41.7275,-122.5302,23.26
37.5553,-122.2659,39.2
34.8668,-120.4268,70.85
37.3996,-122.1991,60.73
37.676,-122.0481,0.38
38.1133,-122.2359,18.21
34.1189,-114.5102,96.57
39.4874,-121.2236,48.81
38.5684,-121.3544,2.32
33.7346,-116.2346,39.37
32.7184,-116.8709,80.6
39.0053,-120.8313,9.92
33.4098,-117.1394,66.93
40.3987,-123.9474,0.81
36.7294,-119.6945,54.14
34.8155,-117.1934,18.94
37.8854,-122.4637,47.47
34.3974,-117.3144,14.2
37.9574,-120.411,94.62
34.1386,-117.9124,20.03
34.0581,-117.6845,14.65
34.243,-116.8956,10.12
37.1886,-119.7723,88.43
34.0724,-116.5627,23.98
39.7733,-121.5196,49.36
38.341,-119.8338,3.09
34.7439,-117.3245,37.93
41.0069,-121.4401,5.73
37.8382,-122.2932,75.82
40.7884,-124.2014,72.82
38.7185,-121.4455,10.61
37.0062,-122.0425,44.59
37.55,-118.7087,61.8
36.8563,-121.3981,63.78
38.6504,-121.2497,67.37
39.9343,-122.0518,27.18
39.4429,-123.3963,19.84
40.0238,-123.9431,19.44
34.4505,-119.2731,62.05
34.04,-117.9301,11.62
39.8833,-122.5456,86.53
32.8376,-116.9269,47.72
35.2987,-119.3577,79.53
39.6514,-121.5345,62.01
36.6189,-121.8478,62.44
33.024,-117.1992,59.97
34.6152,-120.1943,30.14
37.6429,-120.7553,93.8
33.7461,-117.637,45.44
35.1512,-118.5024,37.75
38.2949,-120.2706,71.86
35.8038,-118.6787,45.57
40.6409,-124.2225,82.04
40.9489,-124.0857,0.62
33.8363,-116.4642,84.91
36.7277,-119.4587,57.82
39.4278,-120.9996,78.13
35.8737,-118.6427,30.41
36.7352,-119.9618,60.59
34.9347,-117.1992,56.29
39.7168,-123.3533,36.21
35.2369,-118.9123,14.16
35.4375,-120.8847,58.2
33.3693,-117.2258,31.29
33.5525,-117.8092,61.63
33.8572,-118.0046,29.27
33.7778,-117.7981,35.04
41.0589,-124.1434,81.55
37.9299,-121.0044,92.22
38.0124,-120.2697,37.13
38.0358,-121.9655,79.19
37.8878,-122.0761,10.4
38.9704,-122.8327,46.02
33.9379,-118.1312,12.91
32.6103,-117.0675,24.26
38.5813,-120.5733,31.56
39.1489,-122.1373,72.93
33.9235,-118.3033,82.14
33.6525,-117.8956,82.17
36.8427,-119.7899,23.65
33.9169,-118.4021,98.86
39.5301,-121.2689,85.34
35.6266,-120.691,71.57
37.3685,-122.0966,43.96
35.353,-119.036,42.71
38.1102,-122.5055,76.92
34.7211,-116.16,74.53
36.5262,-119.2884,43.25
34.1412,-117.2936,8.79
38.0957,-120.1285,89.1
37.7677,-119.1022,21.21
38.2478,-121.528,32.74
33.0492,-117.2613,0.16
40.7985,-120.3652,97.4
33.9961,-117.4056,98.5
38.8093,-121.1955,80.5
38.9263,-121.5148,33.92
33.933,-118.0625,57.39
40.0355,-121.0404,19.22
38.3338,-122.5065,59.73
40.2443,-124.1228,52.56
40.6722,-121.4228,44.83
39.7558,-121.6063,69.88
38.7601,-121.1714,53.26
39.8025,-123.2499,25.59
38.1798,-122.2583,76.83
33.7378,-116.3695,94.51
33.9678,-118.0188,21.61
39.9012,-120.7936,41.52
37.9878,-122.07,95.35
33.7778,-117.7739,65.05
40.5576,-122.1696,24.33
36.5481,-119.2599,22.88
37.8899,-122.525,91.59
41.3191,-120.1146,43.64
39.3248,-120.3785,72.17
40.7313,-124.1551,28.93
39.3592,-120.7905,53.74
35.4025,-117.7901,4.03
34.1609,-117.9505,76
39.7388,-123.8161,46.74
41.6763,-121.2542,85.2
36.6992,-119.5576,19.62
32.6281,-117.0145,35.37
40.8133,-124.0808,8.03
37.6273,-118.99,97.27
35.2159,-119.375,82.66
38.3485,-120.7728,99.57
35.2527,-118.8515,53.19
38.0075,-120.3089,65.64
34.5815,-117.4395,76.22
35.6387,-117.7667,28.09
39.8043,-120.1783,0.68
36.9608,-121.8808,37.03
41.6085,-122.8411,39.62
36.5183,-119.719,4.89
34.1484,-116.0655,55.41
32.8711,-116.4247,64.56
38.3168,-120.491,36.79
39.1557,-121.7492,54.34
39.4927,-123.7812,13.91
40.0761,-121.1617,54.07
37.0888,-122.0414,99.91
37.3168,-122.0465,21.5
41.5816,-121.9149,55.36
35.9567,-119.0328,69.95
36.1885,-119.8223,59.6
34.1025,-117.8564,27.26
39.1905,-120.1089,43.53
33.9203,-117.2787,78.04
33.8013,-116.5381,95.13
35.0635,-118.9729,45.54
39.1462,-123.2104,63.34
35.7627,-117.3728,4.18
33.8841,-117.9279,76.17
33.5961,-117.5862,58.75
39.0007,-120.9924,55.94
34.6618,-120.4714,16.26
38.0003,-120.4503,12.46
37.945,-122.314,13.19
34.5277,-117.3537,4.59
34.5828,-115.8756,92.14
33.4041,-116.0394,19.44
41.7937,-124.0661,64.97
33.74,-116.7189,11.83
41.7727,-124.1902,75.43
37.6028,-121.0425,22.76
37.4873,-119.9682,84.18
37.7854,-120.8007,95.69
33.839,-117.8572,75.71
32.664,-117.16,61.3
39.6715,-123.4945,87.38
35.7069,-117.3923,56.72
35.5938,-119.3673,65.22
34.3989,-118.9181,16.54
35.767,-119.2637,27.14
37.2803,-121.9542,83.83
33.924,-118.2017,14.13
32.7372,-114.6378,47.98
40.2812,-121.1345,77.71
38.3693,-121.5155,75.66
38.0702,-122.5386,46.9
33.4928,-117.1314,58.9
34.1121,-117.9637,5.82
37.2307,-121.9563,3.16
41.0109,-121.924,40.61
34.2108,-117.0834,59.75
38.4193,-121.5416,3.73
37.0435,-122.1369,84.6
37.0188,-119.3993,40.9
38.9111,-120.8356,40.59
36.7555,-120.3777,66.24
40.9841,-122.7083,75.94
40.0602,-123.7653,92.53
37.3157,-121.0211,49.92
36.4277,-116.8747,38.67
32.885,-116.9453,4.99
36.6783,-118.0443,93.29
38.3199,-122.4861,55.11
38.4636,-121.5022,96.85
37.565,-121.1794,68.85
37.9821,-122.5699,47.47
40.7612,-123.9948,8
37.6942,-122.1159,50.96
34.1393,-114.3604,81.07
35.9266,-118.4993,96.29
36.7249,-120.0625,90.89
33.6099,-117.7299,85.95
33.9765,-118.4486,97.42
39.7572,-120.6486,75.97
34.05,-118.9537,57.94
32.8042,-116.8645,85.06
33.8411,-116.2484,21.61
38.7564,-120.5904,44.05
37.3501,-122.098,20.92
38.1249,-120.857,44.44
33.0389,-115.6223,36.27
34.1637,-118.6612,61.24
35.2378,-115.4992,65.28
37.3182,-122.2651,59.03
39.9239,-121.3188,45.14
37.4686,-122.1671,66.74
33.862,-117.5644,85.1
37.8546,-122.0131,61.52
35.4698,-119.2617,58.56
37.9025,-122.0398,43.95
36.7834,-119.7941,24.29
37.4672,-119.8887,55.43
34.1598,-118.139,51.29
38.8435,-122.7244,64.06
33.1349,-117.1744,20.07
36.6313,-119.0132,29.53
37.4338,-121.8921,51.73
37.3342,-119.6483,6.38
37.5573,-122.3587,96.32
37.8272,-120.9143,8.84
36.648,-120.2526,91.57
35.7127,-118.4731,9.76
36.5051,-120.3936,82.74
32.6654,-117.0983,11.65
37.4006,-121.2699,84.29
37.8226,-122.2301,97.43
34.0368,-118.7845,7.87
33.4522,-116.8555,80.55
34.1159,-118.0096,75.22
34.8376,-120.5311,0.69
35.2651,-118.9159,66.11
33.1198,-117.2089,32.15
33.7972,-118.0594,91.69
41.1251,-121.1336,45.7
35.4667,-115.2722,83.91
33.8303,-118.0728,23.03
34.1342,-118.0373,37.33
38.0368,-122.2526,12.88
37.3227,-122.058,0.54
34.1886,-114.5741,28.47
41.5518,-121.1236,42.59
36.9462,-120.0218,93.54
38.4043,-120.5374,46.33
38.675,-121.9702,32.57
41.7292,-122.6311,66.5
37.5262,-120.7994,14.91
37.2545,-120.9948,5.28
38.8926,-121.9741,19.68
39.7487,-120.5725,57.01
38.4832,-121.4042,10.43
32.664,-116.2896,15.87
33.9753,-117.4758,5.79
34.2422,-117.4981,3.96
38.2594,-122.0319,72.93
32.8,-116.8671,83.99
39.9738,-122.1733,64.15
36.8534,-120.4537,95.54
34.0117,-117.4848,26.28
34.4717,-120.2149,68.46
32.6849,-115.4944,53.83
40.004,-121.2539,5.76
36.0644,-119.0337,11.48
33.6095,-117.6551,3.26
37.3147,-122.295,80.73
40.7274,-123.0615,86.32
37.6664,-121.8805,46.6
35.7966,-119.1069,78.16
33.1895,-117.2387,17.99
41.3206,-122.315,28.48
33.735,-117.0783,56.41
37.1655,-118.2951,63.42
34.365,-115.2861,62.82
40.0614,-122.1482,33.64
33.8374,-118.2559,83.34
33.9478,-117.7787,29.86
33.241,-116.3571,32.78
37.9615,-120.2428,53.71
41.0415,-121.4068,30.23
41.0803,-123.6972,51.91
37.726,-121.444,83.98
38.2423,-120.3547,34.14
33.8944,-118.3073,38.74
38.0383,-122.5378,14.79
38.9306,-121.082,4.57
37.3913,-122.1467,84.58
33.7933,-118.3175,85.79
38.007,-122.0873,95.81
39.2346,-120.0767,70.02
33.8275,-118.3797,7.78
39.4443,-120.7361,28.15
41.254,-122.136,23.64
37.6432,-120.9045,50.84
40.2452,-121.0768,34.94
39.9322,-121.0831,8.18
33.9508,-117.7254,24.56
37.6112,-122.4781,28.94
37.9527,-121.9894,50.67
40.2772,-121.0961,18.51
38.0333,-120.4097,74.15
37.9723,-122.296,81.15
41.9949,-122.6234,13.87
33.8029,-118.1682,13.78
32.8033,-116.9056,16.57
34.9333,-120.4432,0.59
38.1447,-120.4348,38.7
33.9199,-118.2362,53.73
40.6262,-123.4689,85.52
36.4042,-120.1344,12.39
36.6524,-119.7908,83.54
37.6138,-120.9927,88.96
33.9811,-117.1184,50.77
37.5618,-120.9089,71.73
33.6173,-117.2582,32.01
33.5449,-117.7613,84.8
34.4998,-117.2686,2.87
33.0093,-116.7874,25.52
40.8111,-123.5082,66.09
40.0587,-120.9803,67.96
38.4203,-121.9521,72.35
34.4285,-119.7202,46.52
33.5767,-116.0645,38.42
39.1721,-120.1388,20.04
38.413,-121.2127,81.55
39.4414,-123.8033,18.65
34.1022,-118.0579,75.8
39.1237,-121.0523,96.48
33.8038,-117.8219,10.34
34.0836,-114.8497,20.24
35.0474,-117.8093,78.5
37.0035,-122.0265,57.67
33.2236,-117.1198,68.41
33.6843,-117.3348,13.45
39.0063,-122.0068,36.8
40.3755,-121.5694,50.79
37.3713,-122.2203,75.78
32.7926,-115.8586,14.12
41.0301,-124.1095,8.92
37.3835,-122.0257,40.21
39.6265,-120.4357,37.09
36.4883,-119.9851,86.29
37.6254,-122.4313,76.02
35.12,-118.3742,49.95
38.0149,-122.0702,9.14
41.5281,-120.1748,24.23
35.7239,-120.2965,50.2
34.2531,-117.1945,6.31
38.2471,-122.0086,90.85
35.0044,-118.9495,21
40.0762,-122.1776,9.86
36.7346,-118.9558,71.18
38.231,-121.425,43.07
33.6227,-116.2126,91.69
40.9213,-121.5515,24.6
34.2164,-117.4014,58.45
39.7252,-120.9591,66.05
37.9796,-121.2625,66.08
38.074,-120.4563,35.98
36.9205,-121.7706,4.2
36.6816,-119.7318,81.6
41.644,-121.9708,75.21
33.9417,-118.3018,23.81
35.85,-119.3892,40.85
34.1375,-118.6689,73.7
34.0497,-118.1325,7.61
40.7249,-124.2176,23.49
35.8824,-119.2715,5.42
32.8415,-116.5107,36.74
37.9905,-122.5222,27.65
33.6667,-117.9135,94.84
34.8869,-120.3141,48.14
38.7691,-121.3178,63.25
33.647,-117.6837,76.08
40.3226,-123.9209,98.46
33.9168,-118.3693,94.24
37.6861,-121.7608,86.62
36.8366,-119.9174,60.83
34.7336,-115.245,81.17
40.0871,-121.5369,28.78
34.8845,-117.1091,2.12
34.1067,-117.6892,85.65
34.0449,-116.9495,78.54
33.9551,-116.543,20.7
35.6839,-118.2102,88.68
33.6905,-116.143,29.82
33.5275,-116.1261,85.62
40.8657,-120.4602,98.53
34.1687,-118.0504,71.36
34.2408,-117.0773,5.58
36.8103,-121.7211,67.42
38.6336,-121.3229,40.66
37.9917,-120.2617,17.01
37.858,-122.4932,21
36.5097,-121.0819,23.16
34.4667,-120.1085,94.06
37.602,-120.866,60.97
39.8485,-120.4111,21.4
35.7177,-119.3287,80.77
36.6518,-118.9552,25.42
34.9312,-119.6148,77.96
37.5953,-120.9625,43.96
39.2053,-121.2928,61.12
32.8129,-115.3779,61.28
37.4797,-119.6373,5.32
38.3564,-122.5412,2.38
40.2809,-120.5335,90.33
37.5053,-120.8588,31.95
34.0497,-117.9967,4.63
37.7569,-120.1291,4.84
34.157,-117.659,66.21
40.8005,-121.9375,47.98
37.4816,-122.2644,75.17
37.8654,-122.5857,54.66
37.253,-119.1748,69.87
33.8171,-118.0386,36.08
37.4306,-120.7759,5.07
38.6267,-121.2486,30
40.2336,-121.2021,65.73
33.6222,-114.6189,25.63
38.1735,-121.2798,74.48
36.7908,-118.6704,72.1
38.0386,-121.2456,55.26
40.7941,-124.1568,5.64
34.0512,-117.9681,80.59
34.8272,-116.6884,18.69
38.019,-121.8969,99.64
32.8323,-116.9059,9.42
38.5362,-122.468,42.94
40.1735,-122.2413,88.33
37.0047,-121.5843,34.26
36.1361,-119.5109,91.16
35.0516,-119.4053,72.72
38.0605,-122.7009,62.67
34.1224,-118.1132,10.27
33.98,-118.2167,91.69
34.4438,-117.6214,53.52
34.0688,-118.0823,41.45
39.2049,-122.0095,54.45
39.7805,-120.4823,52.79
33.4279,-114.7273,72.58
36.6082,-119.5437,12.31
36.6247,-121.6465,52.31
34.2453,-119.1568,8
33.9963,-118.1519,31.29
35.5173,-120.521,29.41
39.7771,-120.5447,38.56
40.862,-124.0754,32.34
37.3947,-121.0843,49.12
35.9412,-121.0802,1.45
41.4477,-120.8843,65.01
39.8564,-120.463,1.73
33.0735,-116.5889,6.93
33.9223,-116.4401,72.57
34.0336,-117.0426,80.01
33.9069,-118.0829,28.4
34.0393,-117.6064,74.06
39.7206,-120.5536,98.04
35.9769,-119.2889,82.07
34.0983,-118.3267,59.01
41.8612,-122.8256,30.2
37.4982,-122.268,67.51
33.9245,-117.989,21.27
41.9024,-120.3583,70.01
36.1051,-118.5294,58.99
37.586,-122.3669,92.28
36.5983,-119.4473,45.48
40.3652,-120.4222,59.21
41.141,-123.14,54.88
38.8981,-121.5729,8.92
39.0817,-121.5549,27.42
34.2242,-118.2401,16.04
40.5855,-124.1417,29.14
40.3877,-120.381,20.84
34.0381,-118.0026,57.95
35.1775,-118.646,28.18
39.0344,-120.1241,49.56
37.9722,-122.0016,76.12
35.6411,-118.4047,26.51
35.9366,-117.9067,7.68
37.8316,-122.1877,31.08
34.8122,-118.9542,33.74
41.051,-120.4755,61.58
36.9707,-120.6467,16.62
37.0555,-122.0118,40.9
32.817,-114.8389,99.54
39.5458,-120.8881,38.45
37.3543,-120.5981,26.22
33.8346,-118.3417,6.88
40.5023,-124.1104,90.15
41.9533,-121.4751,38.8
33.802,-117.7823,78.54
37.9789,-121.7957,33.11
35.1019,-120.609,61.74
39.0024,-122.7794,43.93
38.7746,-120.2969,62.19
38.416,-121.384,52.85
38.4722,-120.0491,73.09
38.1987,-120.0106,10.69
39.0115,-123.374,67.16
35.8379,-118.6039,30.4
36.9276,-121.8445,19.51
32.7873,-115.5579,28.89
34.0106,-117.3098,10.62
34.0628,-117.4889,12.54
34.4504,-118.6717,33.61
37.8325,-120.2394,2.66
38.3523,-121.9077,18.14
33.8347,-118.2187,70.12
38.0768,-120.1624,18.7
38.0055,-122.5033,42.44
33.9447,-118.1926,30.72
37.8438,-122.1225,33.1
34.1449,-117.8468,81.46
34.103,-118.0238,96.51
40.0059,-120.9525,21.19
39.2968,-120.6727,82.85
35.6308,-117.6621,25.36
33.5275,-117.705,63.02
38.5667,-121.4683,32.2
36.296,-119.7983,59.59
41.1964,-120.9494,81.34
39.7752,-120.6109,87.2
37.6767,-122.4526,30.48
36.6224,-121.8191,7.1
34.2499,-117.5044,55.93
35.2911,-118.6279,97.47
37.6736,-119.799,70.9
36.0573,-118.9712,18.06
37.0631,-120.8405,55.78
38.6669,-121.1422,53.22
33.5006,-117.7431,11.65
38.9744,-123.691,43.28
35.6378,-118.4819,3.94
37.5482,-122.4924,3.63
34.3912,-117.4126,17.22
38.4466,-121.825,89.86
39.452,-121.0488,11.26
34.0968,-117.4599,60.39
35.3089,-117.9684,66.22
37.9608,-120.2374,29.42
37.0829,-121.5963,61.01
40.5035,-121.86,55.43
38.7962,-123.0154,61.23
37.9687,-121.3408,47.87
40.7735,-123.1284,35.19
37.7432,-121.0091,42.86
32.5687,-117.1184,99.16
37.4371,-120.0936,22.2
32.7318,-115.5204,53.32
36.1436,-118.5771,79.56
32.7331,-117.0344,19.96
37.8394,-121.993,25.11
41.8256,-122.0057,52.89
37.6863,-122.4684,61.8
38.0113,-122.7022,9.01
37.8808,-122.179,50.85
37.5134,-122.466,82.14
34.1393,-118.1027,37.79
37.9547,-119.1221,98.29
40.1008,-120.9217,98.96
38.1837,-120.815,48.23
36.4526,-119.4824,33.82
33.9381,-117.3948,66.63
32.8696,-116.6279,37.87
32.9783,-115.5287,84.69
35.4092,-119.4406,27.85
32.6131,-116.6068,90.28
36.142,-118.6107,1.56
32.8017,-116.9604,4.28
35.835,-116.2074,92.74
37.5994,-122.4024,25.35
36.6192,-121.9255,17.44
38.5477,-121.3553,0.89
36.9912,-121.8928,77.8
34.6151,-120.0944,51.33
34.5005,-118.1165,76.96
38.0329,-121.9612,27.67
37.0177,-122.1882,98.54
37.4008,-118.3457,85.98
37.3058,-120.4778,51.91
33.9925,-117.5164,73.14
40.0263,-123.4903,24.89
36.1466,-117.9759,23.37
33.5719,-117.1909,0.05
37.3272,-122.3866,15.31
37.9763,-121.0439,84.89
37.0755,-119.4901,63.04
41.908,-122.5597,52.57
37.8608,-122.1272,98.24
35.5758,-118.5345,95.87
39.2483,-120.0535,63.26
34.4487,-119.2469,72.68
36.7941,-119.7012,3.08
36.7055,-119.8516,35.01
39.2652,-123.5897,52.82
36.4026,-119.7208,72.69
38.7468,-120.8761,69.05
39.9027,-121.7448,92.26
37.4338,-122.2034,24.69
38.3463,-123.0595,77.6
38.3329,-121.557,57.08
34.1128,-117.3885,35.62
40.7488,-122.9274,52.45
39.208,-120.8345,16.23
35.4158,-120.614,35.44
39.0287,-121.39,20.74
39.0697,-122.776,11.79
33.8229,-118.2931,37.71
39.6002,-122.5376,64.63
38.6712,-121.75,29.22
38.4465,-122.706,92.39
33.7406,-116.3156,51.61
35.1971,-120.7192,47.15
37.2892,-120.3207,34.66
38.693,-120.064,98.59
39.1518,-121.5836,19.63
38.8678,-121.1318,66.61
34.5944,-118.1057,6.62
37.2682,-122.0264,53.96
38.4004,-122.9349,56.29
36.1423,-119.1375,23.16
38.0683,-120.5396,65.13
36.5464,-119.3359,26.77
34.0555,-117.9113,54.31
37.5154,-122.2955,33.27
38.3183,-122.8502,98.05
37.3836,-122.2627,45.26
33.8059,-118.161,93.5
36.481,-119.444,26.42
35.3831,-119.1184,21.78
39.8666,-120.7274,69.53
32.8555,-116.9856,86.38
34.2539,-119.2037,70.63
35.3068,-120.8249,53.06
34.0334,-117.8593,50.55
36.964,-120.0803,91.58
33.9356,-116.6873,51.91
37.5034,-120.242,22.77
37.9654,-122.3306,68.64
38.0704,-122.1541,25
37.4539,-122.2032,14.68
37.9355,-121.7191,70.41
38.0121,-121.8513,68.52
38.3826,-120.8106,44.7
34.1103,-118.1573,4.17
36.9848,-119.713,14.02
38.5265,-123.0978,69.05
37.9819,-120.3828,79.23
36.009,-119.9629,11.58
33.7278,-118.0823,72.37
37.8108,-120.2999,83.89
35.3895,-120.6081,65.01
38.4568,-122.4231,92.46
39.003,-121.0304,92.49
34.165,-117.9921,91.78
33.5238,-114.653,3.1
34.7375,-120.2783,34.11
35.6571,-120.5068,82.42
33.9728,-117.7081,80.85
34.1431,-118.7379,55.33
34.258,-118.6662,5.32
37.4031,-119.7293,65.19
34.5903,-118.1534,94.55
36.3123,-118.0261,97.59
40.9779,-122.4308,39.93
38.7518,-122.6221,89.13
37.9365,-120.6277,46.36
34.2361,-117.6601,73.31
33.7436,-116.8872,37.7
33.7783,-118.3509,73.72
33.5792,-117.729,80.22
41.4127,-122.3816,85.62
36.9788,-122.0346,49.21
39.8684,-120.6905,89.47
36.4766,-118.0309,7.74
38.3592,-121.9686,83.75
41.2318,-122.2714,45.42
36.0238,-120.9075,90.25
33.8676,-118.0806,48.86
34.9925,-117.5417,26.94
36.9978,-121.9483,45.09
38.5341,-119.4582,75.71
37.5184,-122.5036,90.69
33.9886,-118.057,85.96
37.9766,-121.3112,49.66
33.5009,-117.6544,69.61
34.6934,-118.1753,16.84
34.0948,-118.099,82.19
36.9293,-120.0482,78.37
37.9051,-122.6457,80.93
39.393,-120.0145,26.61
39.234,-121.1381,4.9
40.5511,-122.2363,41.67
33.7459,-117.1132,3
33.3759,-116.0115,55.5
34.2663,-118.749,34.58
34.1535,-117.9684,48.89
33.3338,-118.3317,4.78
41.9643,-121.9208,70.4
39.235,-121.2003,36.61
32.8381,-116.8967,7.38
33.9972,-118.374,10.26
34.1082,-117.809,82.28
38.4776,-120.8584,59.16
35.0139,-118.1895,14.02
38.0446,-122.185,64.41
38.3622,-120.804,6.41
40.5671,-124.1356,48.62
39.8228,-121.6078,78.07
35.6536,-120.3831,9.21
33.6262,-116.1309,85.57
34.8658,-118.2154,10.27
35.1944,-118.8306,10.25
35.3475,-118.8718,74.72
39.6725,-120.9852,71.8
37.926,-122.054,22.54
37.9238,-122.5129,66.43
33.9875,-117.8848,21.52
37.767,-122.2673,43.62
37.5265,-121.9852,46.51
36.695,-121.6746,32.3
33.7644,-117.7945,97.93
33.9683,-118.222,16.02
34.5064,-117.9098,50.67
33.1803,-117.1092,22.63
36.6246,-119.6739,55.84
37.9977,-122.33,44.49
33.1488,-115.5058,9.41
33.9059,-116.9763,50.71
34.8158,-115.1791,62.39
38.1912,-120.6763,99.19
34.0232,-118.4813,24.5
33.233,-117.0157,29.01
34.1097,-117.1706,27.07
34.1586,-119.2231,60.68
34.905,-116.8203,15.07
38.0518,-122.22,56.81
34.2886,-118.4363,62.83
35.3405,-115.3105,49.71
34.223,-119.0323,37.17
38.692,-120.8391,53.99
40.4206,-120.6129,65.36
36.512,-119.4465,72.95
35.7531,-118.4321,21.6
38.2913,-121.2318,16.67
32.9946,-117.2575,80.76
33.7105,-117.9514,92.63
34.235,-117.3081,96.48
34.3495,-117.6299,89.53
38.6934,-122.0241,39.03
39.3326,-121.5388,49.47
41.0118,-124.0848,40.85
38.5739,-121.2521,7.05
32.7898,-115.683,34.23
37.6536,-122.4197,59.31
34.2389,-117.2337,48.08
33.0728,-117.1192,76.62
38.1385,-121.1987,11.03
38.6594,-122.8717,30.17
40.7219,-124.1987,68.35
40.3482,-120.2335,34.68
37.9477,-122.339,71.76
34.9608,-120.5735,52.27
40.9385,-123.6412,11.5
32.5773,-116.6275,27.38
38.2974,-120.9179,70.2
37.7912,-120.9981,42.35
37.8735,-122.4662,45.23
38.3278,-122.7092,61.92
34.8655,-117.0464,99.12
39.5701,-120.8213,62.8
34.5989,-117.3342,19.62
35.4689,-119.2687,71.74
35.6175,-118.4047,74.7
40.0389,-124.0558,43.83
33.8504,-118.0406,44.66
33.5493,-117.6415,31.73
33.8653,-118.3966,92.18
37.929,-121.2457,53.08
40.679,-122.3775,8.62
37.816,-121.9071,60.89
39.5147,-122.1992,76.82
41.4117,-120.6605,79.84
36.3232,-121.2451,97.1
32.7431,-116.002,1.91
38.057,-120.179,92.13
37.8756,-121.6421,47.86
33.4625,-117.6717,43.03
38.9518,-121.531,83.89
37.0123,-120.0799,7.66
40.1209,-123.822,43.59
38.2577,-122.4982,49.77
34.176,-114.264,83.15
39.3631,-123.8044,17
32.6652,-117.0296,5.35
38.9123,-123.6954,49.52
36.4846,-117.872,2.37
39.774,-121.9549,66.73
33.7301,-116.941,92.76
34.8446,-119.1669,87.65
33.8976,-118.1651,17.69
37.2172,-119.9054,2.91
34.1983,-117.1275,99.7
32.711,-117.0027,26.22
38.9924,-121.558,55.31
34.8226,-119.0027,14.53
33.9127,-116.7828,95.29
39.311,-123.7908,88.43
40.432,-123.4924,95.19
40.2117,-123.7845,51.24
36.6562,-119.5993,33.84
33.893,-118.2275,57.34
33.5679,-116.6967,10.23
38.2423,-122.6267,57.25
34.6647,-120.118,7.21
34.185,-118.7669,23.97
36.8457,-121.5384,86.86
37.1095,-120.2349,25.67
33.889,-117.7714,86.29
34.1458,-118.8056,76.22
37.636,-122.1,81.02
33.2995,-115.9609,4.14
35.0364,-116.3797,9.92
34.3847,-118.5309,22.64
34.508,-119.2915,58.02
34.0448,-117.2503,85.72
38.7173,-122.9034,2.97
35.5765,-118.4764,42.99
37.9931,-122.2834,75.66
33.6909,-117.1849,48.74
41.7829,-123.0603,21.13
34.4382,-119.6286,2.23
37.6737,-122.1349,56.83
36.9049,-119.2962,26.79
38.1154,-121.4895,99.86
36.4797,-121.7324,77.91
35.4249,-119.0279,40.28
36.6056,-120.1898,15.02
37.6227,-120.7532,18.25
39.903,-120.759,96.34
34.4144,-119.8582,29.38
36.303,-119.637,8.27
39.1314,-123.1649,31.01
38.9691,-123.1173,73.13
34.399,-119.2976,73.18
37.9638,-122.5615,0.36
35.6431,-118.3103,83.93
33.7706,-117.2772,0.36
39.3703,-122.5445,60.85
37.0774,-120.1937,3.88
33.9147,-118.3476,78.68
38.0412,-119.1467,65.5
34.3962,-119.5117,44.72
38.9119,-122.6085,2.46
37.9777,-120.341,0.29
38.5834,-119.516,39.38
37.7415,-121.1309,43.87
37.5026,-122.2252,16.63
36.593,-121.8381,57.71
34.2097,-118.2002,41.15
37.1341,-122.1272,45.94
39.6427,-120.2155,76.38
34.2104,-117.1147,77.38
36.9583,-121.7805,91.97
37.0633,-119.361,1.93
40.206,-121.1575,34.17
34.4398,-117.5248,59.23
33.9617,-117.5802,73.6
35.048,-120.5759,43.69
38.7657,-123.5281,68.5
33.7554,-118.3636,55.72
36.5744,-119.6157,39.29
34.084,-118.1355,6.16
36.1168,-118.8345,42.79
41.7855,-122.0083,19.93
33.1347,-117.0722,37.12
37.9056,-122.5186,41.15
39.1954,-121.1942,7.63
33.7272,-117.3998,18.7
33.8949,-118.1956,94.77
37.9485,-122.5247,27.38
36.8771,-121.6404,4.25
34.2783,-119.2932,27.4
35.7701,-117.3967,12.51
38.4993,-121.452,77.8
34.8633,-116.8881,25.19
36.977,-121.9176,20.54
36.0898,-119.205,53.35
35.6546,-117.8213,49.31
33.8789,-117.3686,8.38
37.1324,-121.641,56.39
33.7434,-116.2874,18.26
34.25,-117.3259,13.87
33.592,-117.6992,58.07
35.0323,-120.499,69.73
33.7112,-116.7248,95.01
36.4927,-119.3358,27.95
34.1548,-117.3482,16.21
36.5434,-119.2903,80.12
39.2322,-123.197,38.39
39.6357,-123.7831,40.31
38.6841,-119.8224,81.42
36.5857,-121.9439,26.87
41.4621,-122.4259,40.12
38.3956,-122.3669,67.76
33.355,-115.7306,7.87
32.7398,-116.9434,92.18
33.9631,-118.1829,25.64
35.8344,-118.6166,43.54
38.4426,-121.9814,12.2
36.8799,-120.1147,69.45
38.6875,-121.4417,73.84
33.7648,-117.1572,40.48
38.4382,-120.8565,81.89
34.0326,-118.1691,26.02
36.3886,-119.2202,14.1
41.3096,-122.8014,37.25
39.0938,-120.9532,24.37
33.938,-118.3585,21.28
39.3622,-121.6971,72.4
37.328,-119.5666,95.44
38.0041,-122.5497,91.14
35.3718,-117.642,20.7
34.2353,-117.1792,14.27
40.6636,-122.9261,39.46
38.0274,-122.5583,11
37.9197,-122.3025,83.85
37.7161,-121.8964,14.64
36.0661,-119.1429,94.47
34.6833,-118.4589,26.49
40.0334,-121.003,7.58
34.4155,-118.4992,57.07
35.233,-118.6103,76.09
36.5316,-120.0982,91.66
36.204,-120.0961,11.77
37.7938,-121.227,84.04
35.368,-117.6607,51.82
39.791,-122.5283,15.61
38.4744,-121.319,20.47
37.5199,-122.3439,33.8
37.7562,-122.443,59.25
37.6283,-121.9122,90.14
39.7403,-120.565,46.19
37.4221,-122.259,9.6
34.2819,-119.1453,50.29
36.4169,-120.6743,45.94
35.5523,-121.0847,38.05
32.8273,-116.8381,81.99
41.4898,-120.5516,45
37.9413,-122.485,24.31
38.5085,-121.0716,67.55
35.8096,-118.6704,45
38.2561,-119.2123,94.69
33.7309,-117.8106,59.43
34.2572,-118.9962,48.31
38.7856,-119.8009,10.9
38.4937,-122.7734,11.17
35.8283,-117.3317,10.07
36.1438,-119.0612,77.62
32.7316,-116.9766,94.26
38.4511,-123.1204,15.96
39.4767,-121.5439,44.83
38.0252,-122.0278,82.74
40.591,-122.4797,94.83
33.7366,-117.8819,33.21
41.2099,-121.1544,22.4
40.276,-123.6364,62.15
38.8672,-121.7055,77.7
38.7777,-119.8218,12.13
34.4114,-118.5401,12.85
37.8408,-121.9565,79.39
37.4754,-122.2035,56.95
33.8784,-117.5116,88.62
39.4029,-122.0212,33.5
34.634,-120.1156,47.37
40.9007,-122.3924,64.27
37.9884,-122.595,51.58
33.9244,-117.2045,89.91
33.9179,-116.4796,40.78
38.8103,-119.8033,59.69
39.0392,-122.9218,39.17
33.6625,-117.5903,9.8
38.6229,-122.8651,71.07
37.9929,-121.6951,87.47
36.3179,-119.7054,77
40.5179,-121.6778,64.43
33.4498,-117.6103,27.78
37.4687,-122.4383,96.81
40.7277,-122.0792,9.89
37.9085,-122.542,63.33
33.7341,-116.9969,72.43
37.2288,-120.254,5.8
34.1222,-117.5981,17.93
36.326,-119.654,57.11
39.269,-123.2023,81.66
37.1283,-119.6943,97.1
34.1818,-118.2468,26.21
37.0255,-121.8559,25.23
38.1692,-121.3113,28.19
40.8813,-123.9931,93.69
33.9244,-117.9887,99.77
37.6792,-122.1038,74.09
35.0809,-120.5451,8.65
37.5894,-121.8854,43.17
34.4533,-119.7126,65.72
36.4377,-119.9322,42.48
37.8898,-122.3018,59.66
34.065,-117.5864,66.77
39.319,-123.1123,43.49
37.8766,-122.0511,72.76
40.741,-123.2559,84.62
38.1508,-121.1554,24.58
38.5556,-121.5504,33.18
40.1401,-120.1778,54.61
39.3204,-121.4038,18.71
38.2662,-120.9866,34.35
40.001,-122.4418,30.44
33.1803,-116.7692,11.12
39.7007,-121.5147,51.72
38.4683,-123.0147,8.43
39.2788,-121.6624,19.01
35.6369,-118.367,53.12
37.8723,-122.276,55.08
36.6812,-121.7894,39
39.0378,-121.0642,60.64
37.3672,-122.1391,30.73
39.2703,-123.7817,3.52
36.5711,-121.5103,15.1
39.6332,-122.1898,58.08
33.2761,-117.1942,43.68
37.4663,-122.2675,72.54
34.8621,-120.2943,75.37
40.2146,-121.1762,81.11
39.2138,-120.8033,87.96
38.2436,-122.956,65.28
40.1614,-123.6157,42.45
35.8061,-118.652,35.21
40.8146,-124.1893,47.96
37.7145,-121.087,0.34
35.8628,-120.804,50.66
35.2671,-120.6689,89.43
37.3247,-120.8497,81.62
35.8188,-117.8755,29.52
40.3254,-124.287,48.09
38.675,-121.0489,65.42
33.2823,-116.6336,53.06
38.2977,-122.3011,49.33
34.0829,-117.972,50.61
39.8952,-121.6705,61
38.0288,-121.6404,34.14
34.1161,-117.889,85.57
32.9681,-116.9117,12.22
37.2965,-120.3789,43.26
41.1385,-122.3178,11.04
38.532,-121.9781,3.92
37.8189,-118.4844,75.04
38.1327,-121.8708,42.48
34.0607,-117.1113,13.09
33.9683,-118.0706,7.33
34.508,-120.229,85.92
38.5552,-121.7365,75.43
40.3049,-121.0044,61.68
33.8885,-118.335,77.49
35.8997,-120.4327,29.71
39.5218,-122.0139,26.19
33.9278,-117.9513,15.44
37.8919,-122.1188,94.04
35.1337,-119.4711,46.91
34.1247,-117.5664,61.68
39.1302,-123.7178,50.57
34.6861,-120.4404,49.51
33.8611,-114.8022,47.65
34.6097,-117.8339,24.36
33.7036,-116.3396,61.29
35.6183,-121.1374,25.02
34.4594,-120.3582,90.49
40.2943,-123.3483,50.45
40.4307,-123.9698,23.78
32.845,-116.932,7.38
36.9941,-121.7892,93.93
36.6033,-119.9092,22.28
37.7092,-122.0632,84.53
33.6151,-117.8669,43
41.8429,-123.9733,37.96
39.9284,-122.4461,96.65
38.8003,-122.5505,39.71
37.4085,-120.8502,13.39
38.3675,-121.4616,34.2
40.7653,-124.1786,4.24
41.6406,-122.526,90.11
40.6969,-122.8225,22.19
33.9797,-116.9694,52.31
33.9801,-118.1798,91.61
33.2387,-115.5146,27.03
34.436,-119.8596,22.45
32.856,-116.904,34.52
39.0633,-120.1438,25.13
33.9745,-118.2481,21.44
37.421,-120.6556,69.01
41.8629,-120.1589,40.85
35.1204,-120.6199,48.14
39.4048,-123.3494,6.73
39.1241,-121.5421,65.43
36.5663,-121.9466,82.34
34.0058,-118.3968,55.06
34.23,-117.2628,76.32
33.0474,-116.8767,98.65
38.6948,-121.288,18.3
35.8876,-119.4873,38.51
39.6314,-121.4052,39.41
36.6089,-119.7526,84.43
37.1058,-122.1106,86.89
37.4252,-122.1674,79.7
35.1492,-120.6506,95.95
36.4304,-119.8671,88.79
35.2273,-118.8233,31.05
35.1267,-119.4242,36.63
34.0903,-117.8817,48.38
35.2108,-120.606,68.41
33.648,-117.3711,15.23
37.7903,-122.2165,43.94
38.0847,-122.8093,79.69
41.1993,-121.6889,48.09
34.0883,-118.3719,4.75
38.0152,-122.6886,97.84
37.8711,-122.5137,18.66
37.2405,-121.9881,61.02
41.646,-120.2255,92.24
36.5399,-119.845,79.21
38.8026,-120.8946,56.99
34.845,-118.8992,96.41
34.0123,-117.9041,99.17
33.9989,-118.3426,36.94
39.2256,-123.7564,1.38
38.3488,-122.9711,58.26
34.0483,-117.2309,53.83
34.0631,-117.1217,46.46
36.9772,-121.9538,44.21
35.1293,-119.4575,57.74
38.6587,-119.5274,98.23
35.7309,-120.8702,4.92
39.7574,-121.815,30.1
37.6898,-122.4019,55.34
40.7888,-124.1286,77.39
33.8285,-117.1233,26.51
36.5001,-120.3164,51.03
39.4132,-121.7101,5.17
33.9992,-117.8161,45.85
34.3714,-119.3065,84.56
33.7146,-117.0775,56.48
33.7787,-117.9601,98.93
33.888,-118.1271,53.02
34.4235,-119.5568,14.23
33.5909,-117.5095,11.51
38.266,-120.3408,2.48
37.5522,-122.3122,82.92
39.3657,-121.2127,85.38
37.774,-121.5452,61.17
33.2247,-117.3083,59.76
41.7093,-123.4503,37.88
32.8312,-117.1226,26.65
37.6199,-120.9827,66
37.2563,-121.9289,96.71
33.7871,-118.3976,97.43
38.7166,-123.4528,41.21
37.3018,-121.8485,56.9
38.8478,-121.1699,83.02
36.9402,-121.7953,72.72
32.7387,-115.9675,3.02
38.314,-121.1596,1.39
37.2507,-122.3725,67.55
38.7405,-121.8093,95.08
33.3617,-117.0696,16.15
39.6633,-120.4436,39.9
38.9393,-119.9828,2.23
33.1246,-117.2837,82.92
33.0217,-117.2811,51.63
34.0512,-117.171,33.15
36.8064,-121.6555,25.32
36.8278,-119.6841,19.72
40.8513,-124.1631,11.09
38.4464,-122.1945,78.58
39.1266,-122.8525,74.12
33.0681,-117.3034,75.2
38.2509,-120.5119,21.5
37.7909,-121.885,0.26
37.4,-122.0796,49.42
34.2539,-117.1648,78.35
37.8163,-121.3127,87.8
34.2486,-117.289,95.27
37.9637,-121.2296,94.89
35.8863,-118.6561,47.56
39.3454,-120.1848,27.55
36.5922,-121.8807,59.45
41.5468,-124.0665,99.46
38.4354,-120.5848,89.58
37.3716,-117.9851,88.83
35.8268,-118.6354,39.41
35.3023,-118.9143,40.28
34.1962,-119.1819,15
34.5578,-115.7444,45.34
36.4716,-119.1223,52.67
33.7378,-115.3666,7.96
38.2096,-121.1551,78.39
37.9481,-122.5497,23.44
37.6914,-122.4811,66.11
40.4202,-121.854,69.05
38.7412,-120.6815,59.83
37.9403,-121.9301,77.88
39.3042,-122.5059,12.69
40.7166,-122.6312,1.21
37.3854,-120.6173,92.91
38.3126,-122.4888,43.19
36.4124,-119.0998,26.49
32.8189,-116.9479,80.77
39.0657,-123.4452,29.86
37.8703,-120.4443,86.04
33.818,-117.8103,11.19
38.4384,-122.4067,4.28
38.5454,-120.7475,77.96
40.4752,-122.6181,23.26
41.5133,-122.5215,6.55
39.7422,-122.0125,70.17
36.344,-119.7075,67.87
33.8333,-117.2852,47.18
40.8704,-123.9584,8.41
33.8574,-118.3766,76.61
36.506,-121.443,4.81
39.7461,-122.1855,93.54
36.9646,-121.9896,89.36
33.9902,-118.0888,21.04
36.1284,-121.0217,45.38
33.8002,-117.9935,35.03
34.1914,-118.8755,80.87
39.0218,-122.6593,49.38
40.0275,-120.1173,74.7
34.0538,-117.3254,79.62
37.2966,-120.4177,28.63
37.4519,-120.7037,82.98
35.4803,-119.2009,78.36
33.8677,-118.0686,89.63
39.6768,-120.2448,47.42
40.893,-121.1781,19.41
34.4976,-117.347,73.72
38.6666,-120.9371,43.75
34.0714,-117.6981,78.32
35.4788,-119.2771,53.74
34.7111,-120.4623,8.84
37.1616,-121.9879,89.13
37.5449,-120.706,42.45
35.1647,-119.4584,91.51
37.6527,-122.1336,92.59
40.3789,-120.5846,2.6
33.7606,-116.7378,58.44
34.1617,-119.2036,57.91
35.5086,-121.0227,61.52
41.3762,-123.4762,80.78
38.1617,-121.6051,68.64
40.3409,-121.9174,32.74
40.4774,-124.1032,96.51
34.1259,-117.7153,18.46
41.8663,-124.1526,83.13
33.9836,-117.6653,92.29
32.8439,-116.7585,29.29
36.6212,-119.3187,34.26
35.0472,-116.1656,17.42
36.765,-121.7535,5.4
37.7105,-120.1991,13.35
39.2237,-121.0521,31.66
32.7489,-116.9809,29.41
33.997,-117.9728,51.25
39.3204,-120.4386,48.31
39.8048,-120.5883,34.68
38.4074,-120.6606,94.6
37.9642,-122.3711,55.94
37.0782,-122.0882,49.34
38.1664,-120.4052,73.49
36.7136,-119.7609,39.87
37.5216,-120.4386,17.47
37.2658,-122.3007,56.93
33.5484,-117.7542,73.62
33.8807,-117.8553,9.1
40.1003,-123.7948,4.96
38.7309,-120.7979,40.79
37.0466,-120.6393,15.58
34.0311,-117.1075,98.26
39.4313,-121.5226,65.87
38.8759,-121.2916,1.46
36.4866,-119.255,89.06
33.8656,-117.8309,71.28
35.4838,-117.6353,24.11
41.5089,-120.5507,13.68
40.2666,-123.8737,73.28
40.451,-122.2962,18.19
38.895,-121.0778,74.03
33.8884,-118.3531,56.4
34.1931,-117.3675,87.77
37.3494,-122.1994,29.69
37.0392,-122.0804,91.64
33.7523,-117.9938,26.29
32.7628,-116.9611,14.46
41.0967,-121.1816,94.51
32.7784,-116.9884,43.49
37.4738,-121.1438,37.25
33.8011,-117.1414,70.41
34.0312,-117.3132,98.54
36.8689,-121.7317,54.79
38.3057,-120.7061,45.46
35.2439,-119.6039,59.46
37.1101,-122.0523,93.86
36.2702,-121.8075,85
38.969,-121.356,66.47
39.2571,-120.711,21.98
37.5613,-118.6812,31.46
39.3761,-121.4117,73.86
38.0068,-122.6634,21.61
34.4075,-118.7999,26.93
39.9663,-123.7953,42.32
36.2082,-119.0897,18.01
39.249,-120.0201,78.27
34.0786,-118.4021,94.83
37.603,-122.0187,95.05
35.8112,-118.6365,50.65
40.3904,-122.2861,91.77
40.2561,-122.2095,35.61
35.9891,-119.476,19.39
40.8901,-123.5845,34.32
37.3665,-118.3958,72.38
35.951,-116.3056,67.46
36.2474,-119.0903,82.71
32.8551,-116.8525,5.78
34.1208,-117.7702,64.48
41.5322,-124.0063,59.7
38.4153,-122.5387,29.09
34.1231,-116.4215,95.79
36.0525,-118.937,23.57
36.8274,-118.2132,39.45
36.8019,-121.7872,60.07
38.6713,-121.3721,66.68
37.5531,-119.9485,21.07
34.2536,-116.7903,88.26
35.6254,-119.6789,35.17
34.4427,-116.9021,74.24
34.816,-114.6192,9.41
32.6906,-116.3345,85.15
41.0802,-122.7136,55.24
39.9065,-121.5361,54.67
40.6134,-122.4606,6.31
41.4468,-122.3634,54.56
36.2166,-121.133,29
34.2297,-117.225,92.83
32.6678,-117.0728,87.37
38.325,-123.0308,38.75
41.2909,-124.0692,81.3
32.7624,-116.9197,47.03
37.1324,-120.4985,26.26
40.5579,-124.0822,94.35
33.7589,-117.782,91.61
34.1198,-118.0807,43.48
34.5044,-118.316,44.99
36.3273,-119.3264,60.06
36.4311,-119.7979,23.26
37.9939,-122.3188,59.82
36.8082,-121.3623,42.42
34.4818,-118.6317,55.96
33.232,-117.3236,30.07
37.7071,-122.1601,3.94
37.9393,-122.5313,39.64
33.946,-116.8991,72.64
39.8101,-120.4969,56.34
40.7185,-122.3262,4.45
38.0186,-121.0994,67.29
32.9871,-117.0201,50.94
40.0587,-120.8386,26.25
37.9177,-122.7095,91.15
36.7904,-121.3106,76.35
37.5444,-121.2035,85.95
34.52,-115.5128,22.15
34.1139,-118.4068,9.88
34.012,-117.4334,32.42
39.4937,-121.7507,0.45
34.352,-119.0698,95.97
40.2578,-121.147,76.25
32.6394,-116.4744,3.74
37.2036,-119.2486,94
33.9175,-117.1578,98.91
37.4067,-118.5819,62.61
33.8912,-116.3551,17.56
36.5453,-119.3989,36.38
37.0402,-120.1535,86.6
37.6374,-121.0028,48.81
39.9165,-120.9189,53.43
33.9025,-118.0093,71.17
38.3613,-120.9423,29.12
38.1762,-121.7034,53.57
37.3694,-121.824,66.01
37.3646,-121.9679,83.96
36.9016,-121.7417,51.06
34.2461,-117.2098,83.54
40.7657,-124.1446,56.14
36.5656,-119.7405,60.66
38.082,-122.8471,51.22
38.3005,-122.6707,92.13
38.2975,-122.4915,82.24
33.4733,-117.6969,1.15
36.6944,-119.2,52.89
33.7899,-117.2233,1.34
36.7286,-121.2785,73.68
38.348,-122.6964,15.3
34.1934,-118.1355,83.68
38.0384,-120.234,89.65
33.7451,-117.9849,72.93
37.3875,-120.7248,3.4
36.3595,-119.0721,46.53
38.7153,-121.361,30.25
38.6867,-121.3475,48.74
32.9975,-115.0719,42.38
34.1377,-118.0776,89.47
37.9985,-122.116,54.77
37.0971,-119.3245,87.55
39.4668,-120.8411,79.48
33.9566,-118.3444,36.79
32.8375,-115.5719,6.02
35.9747,-118.5409,38.8
35.2476,-116.6834,21.05
36.5774,-118.0777,83.43
41.925,-124.1493,58.64
37.7625,-121.9365,11.76
36.5529,-121.9222,12.16
33.6884,-117.2621,77.31
36.1432,-120.3266,11.95
36.0585,-119.313,99.89
38.3743,-123.072,36.86
35.127,-118.475,36.03
34.5936,-120.1401,86.84
38.0661,-120.2737,23.4
40.3596,-122.8947,18.45
36.9854,-120.6337,31.74
39.0741,-121.8988,23.9
38.5741,-121.383,78.95
34.0323,-117.9533,5.74
34.7961,-118.8526,72.23
37.0875,-120.9235,90.67
39.0374,-120.9724,3.15
33.7886,-118.0803,70.92
36.3054,-119.2082,76.86
38.4376,-122.866,81.17
34.0603,-117.4015,22.02
39.7982,-120.6645,58.6
34.0493,-118.0484,18.54
40.1634,-120.3686,52.66
36.0847,-119.5612,37.75
36.4338,-119.6916,70.76
37.312,-121.9356,85.35
34.5232,-117.9808,62.83
37.2526,-119.7,83.16
39.5237,-120.0163,92.28
38.5091,-120.7605,88.08
38.0054,-121.334,25.41
34.151,-118.7608,69.31
38.247,-122.9054,25.77
38.2141,-121.2675,69.64
35.8944,-119.0456,72.47
37.8127,-120.0653,2.69
38.4456,-120.6306,1.01
34.05,-118.1828,27.83
36.4434,-121.3431,91.03
39.6232,-121.7874,18.73
34.9178,-120.5149,93.71
40.8789,-123.5132,97.25
36.3827,-119.0245,42.22
38.8356,-122.723,69.71
39.8241,-120.4733,74.24
39.574,-120.6297,26.74
34.4956,-118.1857,36.44
36.4856,-119.2247,63.47
39.1404,-121.9079,83.12
38.4216,-122.7297,27.96
41.8898,-121.3675,23.56
33.9873,-117.0542,24.4
39.5324,-121.1666,65.88
35.2769,-116.0718,10.02
35.4827,-120.6858,35.05
40.1419,-120.1399,48.2
40.3017,-121.2339,72.3
37.5482,-119.6395,26.09
39.4732,-121.2691,39.39
38.2671,-121.3034,55.36
35.3583,-117.6167,39.71
34.0117,-117.3834,16.8
34.1236,-116.3128,27.95
35.1241,-120.5845,57.62
35.1578,-117.872,28.53
37.8121,-121.9698,19.66
41.8103,-123.3892,8.21
39.4999,-121.5634,6.91
33.696,-118.0025,43.24
36.9608,-121.9641,96.26
38.0838,-120.5619,69.53
39.9361,-121.2959,37.81
38.1978,-120.9586,20.21
34.1145,-118.7779,55.87
40.1336,-120.9454,22.55
37.9628,-122.3425,63.5
33.7542,-118.0714,8.74
36.1996,-119.34,15.27
34.4255,-119.5893,80.34
38.8126,-123.5704,69.54
38.8916,-120.9849,91.59
33.7626,-116.4273,39.3
35.6781,-119.2414,24.48
41.4582,-122.8947,62.25
39.0141,-122.0611,1.01
40.0722,-122.1573,81.87
33.6607,-117.6712,83.02
35.3887,-119.2058,57.53
34.4284,-119.2853,5.64
34.1113,-117.1653,72.54
38.8349,-121.0144,41.48
40.561,-123.1299,97.3
38.2902,-122.4598,54.24
33.6147,-117.5664,89.34
36.5242,-119.5608,37.71
37.3149,-122.003,37.89
36.4638,-118.6507,9.55
40.027,-122.0981,38.95
40.0218,-122.1269,18.04
32.5948,-117.0645,81.09
36.0312,-120.116,58.92
36.4697,-118.9184,29.43
35.1779,-119.5472,38.41
37.3826,-121.8137,43.77
35.3681,-120.8482,7.51
36.2689,-117.589,83.22
35.0935,-118.6477,0.6
34.9421,-119.6806,52.13
41.2254,-120.5034,90.6
34.4,-118.9504,53.65
35.0164,-117.6659,48.36
37.6328,-122.0772,69.32
37.8799,-121.2803,46.03
40.5799,-124.2619,55.72
33.9716,-117.8911,20.92
39.1357,-121.6381,66.88
32.6453,-117.0517,41.67
37.3571,-118.4542,46.05
38.8274,-122.1985,2.38
38.092,-122.5576,79.49
35.3147,-117.6092,8.69
39.575,-120.3638,22.51
36.2704,-118.0015,45.99
32.7703,-117.0204,58.87
34.0155,-118.1108,52.51
40.1699,-121.0769,3.86
